-- phpMyAdmin SQL Dump
-- version 5.2.0
-- https://www.phpmyadmin.net/
--
-- Host: 127.0.0.1
-- Generation Time: Jun 30, 2024 at 07:39 PM
-- Server version: 10.4.27-MariaDB
-- PHP Version: 8.0.25

SET SQL_MODE = "NO_AUTO_VALUE_ON_ZERO";
START TRANSACTION;
SET time_zone = "+00:00";


/*!40101 SET @OLD_CHARACTER_SET_CLIENT=@@CHARACTER_SET_CLIENT */;
/*!40101 SET @OLD_CHARACTER_SET_RESULTS=@@CHARACTER_SET_RESULTS */;
/*!40101 SET @OLD_COLLATION_CONNECTION=@@COLLATION_CONNECTION */;
/*!40101 SET NAMES utf8mb4 */;

--
-- Database: `tasks`
--

-- --------------------------------------------------------

--
-- Table structure for table `departments`
--

CREATE TABLE `departments` (
  `id` bigint(20) UNSIGNED NOT NULL,
  `name` varchar(255) NOT NULL,
  `created_at` timestamp NULL DEFAULT NULL,
  `updated_at` timestamp NULL DEFAULT NULL
) ENGINE=InnoDB DEFAULT CHARSET=utf8mb4 COLLATE=utf8mb4_unicode_ci;

--
-- Dumping data for table `departments`
--

INSERT INTO `departments` (`id`, `name`, `created_at`, `updated_at`) VALUES
(1, 'IT', '2024-06-30 05:54:14', NULL),
(2, 'HR', '2024-06-30 05:54:14', NULL),
(3, 'Finance', '2024-06-30 05:54:14', NULL),
(4, 'Koch PLC', '2024-06-30 12:03:34', '2024-06-30 12:03:34'),
(5, 'Crist Group', '2024-06-30 12:03:36', '2024-06-30 12:03:36'),
(6, 'Hoppe, Swaniawski and Volkman', '2024-06-30 12:03:36', '2024-06-30 12:03:36'),
(7, 'Ondricka-Beahan', '2024-06-30 12:03:36', '2024-06-30 12:03:36'),
(8, 'Steuber, Mayer and Mohr', '2024-06-30 12:03:36', '2024-06-30 12:03:36'),
(9, 'Volkman LLC', '2024-06-30 12:03:36', '2024-06-30 12:03:36'),
(10, 'Stracke PLC', '2024-06-30 12:03:37', '2024-06-30 12:03:37'),
(11, 'Stamm LLC', '2024-06-30 12:03:37', '2024-06-30 12:03:37'),
(12, 'Grimes LLC', '2024-06-30 12:03:37', '2024-06-30 12:03:37'),
(13, 'Bednar, Huel and Price', '2024-06-30 12:03:37', '2024-06-30 12:03:37'),
(14, 'Von, Graham and Stracke', '2024-06-30 12:03:37', '2024-06-30 12:03:37'),
(15, 'Wolf-Torp', '2024-06-30 12:03:37', '2024-06-30 12:03:37'),
(16, 'Gaylord-Fahey', '2024-06-30 12:03:37', '2024-06-30 12:03:37'),
(17, 'Schneider-Romaguera', '2024-06-30 12:03:37', '2024-06-30 12:03:37'),
(18, 'Corkery-Hamill', '2024-06-30 12:03:37', '2024-06-30 12:03:37'),
(19, 'Funk, Champlin and Lynch', '2024-06-30 12:03:37', '2024-06-30 12:03:37'),
(20, 'Crona Ltd', '2024-06-30 12:03:37', '2024-06-30 12:03:37'),
(21, 'Borer-Corkery', '2024-06-30 12:03:37', '2024-06-30 12:03:37'),
(22, 'Anderson-Feeney', '2024-06-30 12:03:37', '2024-06-30 12:03:37'),
(23, 'Swift LLC', '2024-06-30 12:03:38', '2024-06-30 12:03:38'),
(24, 'Kirlin, Quigley and Lemke', '2024-06-30 12:03:38', '2024-06-30 12:03:38'),
(25, 'Baumbach LLC', '2024-06-30 12:03:38', '2024-06-30 12:03:38'),
(26, 'Rogahn-Hammes', '2024-06-30 12:03:38', '2024-06-30 12:03:38'),
(27, 'Pollich-Prohaska', '2024-06-30 12:03:38', '2024-06-30 12:03:38'),
(28, 'Lesch, Lebsack and Boyer', '2024-06-30 12:03:38', '2024-06-30 12:03:38'),
(29, 'Reinger Inc', '2024-06-30 12:03:38', '2024-06-30 12:03:38'),
(30, 'Ward, Hyatt and Ledner', '2024-06-30 12:03:38', '2024-06-30 12:03:38'),
(31, 'Zboncak Group', '2024-06-30 12:03:38', '2024-06-30 12:03:38'),
(32, 'Stiedemann Inc', '2024-06-30 12:03:39', '2024-06-30 12:03:39'),
(33, 'Ratke PLC', '2024-06-30 12:03:39', '2024-06-30 12:03:39'),
(34, 'Hickle and Sons', '2024-06-30 12:03:39', '2024-06-30 12:03:39'),
(35, 'Cummerata-Lowe', '2024-06-30 12:03:39', '2024-06-30 12:03:39'),
(36, 'Bailey-Sawayn', '2024-06-30 12:03:39', '2024-06-30 12:03:39'),
(37, 'Harvey Group', '2024-06-30 12:03:39', '2024-06-30 12:03:39'),
(38, 'Sipes, Parisian and Lubowitz', '2024-06-30 12:03:39', '2024-06-30 12:03:39'),
(39, 'Hilpert-Mante', '2024-06-30 12:03:39', '2024-06-30 12:03:39'),
(40, 'Moen, Cassin and Cronin', '2024-06-30 12:03:39', '2024-06-30 12:03:39'),
(41, 'Littel Inc', '2024-06-30 12:03:39', '2024-06-30 12:03:39'),
(42, 'Schaden Group', '2024-06-30 12:03:39', '2024-06-30 12:03:39'),
(43, 'Koss-Kirlin', '2024-06-30 12:03:39', '2024-06-30 12:03:39'),
(44, 'Schinner, Rosenbaum and Deckow', '2024-06-30 12:03:39', '2024-06-30 12:03:39'),
(45, 'Kulas-Hodkiewicz', '2024-06-30 12:03:39', '2024-06-30 12:03:39'),
(46, 'Bernier Inc', '2024-06-30 12:03:39', '2024-06-30 12:03:39'),
(47, 'Collier-Waelchi', '2024-06-30 12:03:39', '2024-06-30 12:03:39'),
(48, 'Durgan-Sawayn', '2024-06-30 12:03:39', '2024-06-30 12:03:39'),
(49, 'Bartoletti and Sons', '2024-06-30 12:03:39', '2024-06-30 12:03:39'),
(50, 'Haley-Wiegand', '2024-06-30 12:03:39', '2024-06-30 12:03:39'),
(51, 'Cummings-Fahey', '2024-06-30 12:03:39', '2024-06-30 12:03:39'),
(52, 'Wisozk PLC', '2024-06-30 12:03:39', '2024-06-30 12:03:39'),
(53, 'Tillman, Bernhard and Kertzmann', '2024-06-30 12:03:39', '2024-06-30 12:03:39'),
(54, 'Swift-Kozey', '2024-06-30 12:03:41', '2024-06-30 12:03:41'),
(55, 'Hudson Ltd', '2024-06-30 12:03:41', '2024-06-30 12:03:41'),
(56, 'Mertz, Ratke and Moore', '2024-06-30 12:03:41', '2024-06-30 12:03:41'),
(57, 'Luettgen LLC', '2024-06-30 12:03:41', '2024-06-30 12:03:41'),
(58, 'Rowe Inc', '2024-06-30 12:03:41', '2024-06-30 12:03:41'),
(59, 'Kiehn, Gaylord and Tremblay', '2024-06-30 12:03:41', '2024-06-30 12:03:41'),
(60, 'Schumm, Kerluke and Pfeffer', '2024-06-30 12:03:41', '2024-06-30 12:03:41'),
(61, 'Terry-Crist', '2024-06-30 12:03:41', '2024-06-30 12:03:41'),
(62, 'Mayert-Emmerich', '2024-06-30 12:03:41', '2024-06-30 12:03:41'),
(63, 'Berge-Hill', '2024-06-30 12:03:41', '2024-06-30 12:03:41'),
(64, 'Bailey PLC', '2024-06-30 12:03:41', '2024-06-30 12:03:41'),
(65, 'Raynor, Schimmel and Ryan', '2024-06-30 12:03:41', '2024-06-30 12:03:41'),
(66, 'Franecki-Green', '2024-06-30 12:03:41', '2024-06-30 12:03:41'),
(67, 'Swaniawski, Treutel and Maggio', '2024-06-30 12:03:41', '2024-06-30 12:03:41'),
(68, 'Welch-Kessler', '2024-06-30 12:03:41', '2024-06-30 12:03:41'),
(69, 'Kuhlman Group', '2024-06-30 12:03:41', '2024-06-30 12:03:41'),
(70, 'Jakubowski, Homenick and Deckow', '2024-06-30 12:03:41', '2024-06-30 12:03:41'),
(71, 'Terry-Pfeffer', '2024-06-30 12:03:41', '2024-06-30 12:03:41'),
(72, 'Boehm Inc', '2024-06-30 12:03:41', '2024-06-30 12:03:41'),
(73, 'Dickens-Pfannerstill', '2024-06-30 12:03:41', '2024-06-30 12:03:41'),
(74, 'Botsford-Mertz', '2024-06-30 12:03:41', '2024-06-30 12:03:41'),
(75, 'Gutmann Ltd', '2024-06-30 12:03:41', '2024-06-30 12:03:41'),
(76, 'Ratke, Dooley and Aufderhar', '2024-06-30 12:03:41', '2024-06-30 12:03:41'),
(77, 'Harvey LLC', '2024-06-30 12:03:41', '2024-06-30 12:03:41'),
(78, 'Klocko Group', '2024-06-30 12:03:41', '2024-06-30 12:03:41'),
(79, 'Haley LLC', '2024-06-30 12:03:41', '2024-06-30 12:03:41'),
(80, 'Senger-Weimann', '2024-06-30 12:03:41', '2024-06-30 12:03:41'),
(81, 'Effertz Inc', '2024-06-30 12:03:41', '2024-06-30 12:03:41'),
(82, 'Bruen-Hagenes', '2024-06-30 12:03:41', '2024-06-30 12:03:41'),
(83, 'Kuvalis, Beatty and Fisher', '2024-06-30 12:03:41', '2024-06-30 12:03:41'),
(84, 'Sawayn, Ratke and Hickle', '2024-06-30 12:03:41', '2024-06-30 12:03:41'),
(85, 'Nienow Ltd', '2024-06-30 12:03:41', '2024-06-30 12:03:41'),
(86, 'Homenick, Muller and Ratke', '2024-06-30 12:03:41', '2024-06-30 12:03:41'),
(87, 'Hodkiewicz, Beer and Koelpin', '2024-06-30 12:03:41', '2024-06-30 12:03:41'),
(88, 'Fadel-Abbott', '2024-06-30 12:03:41', '2024-06-30 12:03:41'),
(89, 'Jast-Volkman', '2024-06-30 12:03:41', '2024-06-30 12:03:41'),
(90, 'Kilback-Skiles', '2024-06-30 12:03:41', '2024-06-30 12:03:41'),
(91, 'Casper, Ryan and Gislason', '2024-06-30 12:03:41', '2024-06-30 12:03:41'),
(92, 'Barrows PLC', '2024-06-30 12:03:41', '2024-06-30 12:03:41'),
(93, 'Wisozk, Johnson and Klocko', '2024-06-30 12:03:41', '2024-06-30 12:03:41'),
(94, 'Howe, Hermiston and Konopelski', '2024-06-30 12:03:41', '2024-06-30 12:03:41'),
(95, 'Murray and Sons', '2024-06-30 12:03:41', '2024-06-30 12:03:41'),
(96, 'Trantow-Stroman', '2024-06-30 12:03:41', '2024-06-30 12:03:41'),
(97, 'Franecki-Christiansen', '2024-06-30 12:03:41', '2024-06-30 12:03:41'),
(98, 'Purdy, Moen and Grimes', '2024-06-30 12:03:41', '2024-06-30 12:03:41'),
(99, 'Schuster PLC', '2024-06-30 12:03:41', '2024-06-30 12:03:41'),
(100, 'McLaughlin LLC', '2024-06-30 12:03:41', '2024-06-30 12:03:41'),
(101, 'Runolfsdottir PLC', '2024-06-30 12:03:41', '2024-06-30 12:03:41'),
(102, 'Labadie Group', '2024-06-30 12:03:41', '2024-06-30 12:03:41'),
(103, 'Miller-Gusikowski', '2024-06-30 12:03:41', '2024-06-30 12:03:41'),
(104, 'Nicolas, Gislason and Jakubowski', '2024-06-30 12:03:57', '2024-06-30 12:03:57'),
(105, 'Langosh, Witting and Gusikowski', '2024-06-30 12:03:57', '2024-06-30 12:03:57'),
(106, 'Fay-Purdy', '2024-06-30 12:03:57', '2024-06-30 12:03:57'),
(107, 'Farrell PLC', '2024-06-30 12:03:57', '2024-06-30 12:03:57'),
(108, 'Purdy-McGlynn', '2024-06-30 12:03:57', '2024-06-30 12:03:57'),
(109, 'Cummerata-Wiza', '2024-06-30 12:03:57', '2024-06-30 12:03:57'),
(110, 'Bailey-Feil', '2024-06-30 12:03:57', '2024-06-30 12:03:57'),
(111, 'Keeling, Lynch and Larkin', '2024-06-30 12:03:57', '2024-06-30 12:03:57'),
(112, 'Trantow Inc', '2024-06-30 12:03:57', '2024-06-30 12:03:57'),
(113, 'Kerluke PLC', '2024-06-30 12:03:57', '2024-06-30 12:03:57'),
(114, 'Leffler-Adams', '2024-06-30 12:03:57', '2024-06-30 12:03:57'),
(115, 'Windler-Kunde', '2024-06-30 12:03:57', '2024-06-30 12:03:57'),
(116, 'Dickens and Sons', '2024-06-30 12:03:57', '2024-06-30 12:03:57'),
(117, 'Zieme LLC', '2024-06-30 12:03:57', '2024-06-30 12:03:57'),
(118, 'Beer Inc', '2024-06-30 12:03:57', '2024-06-30 12:03:57'),
(119, 'Konopelski Group', '2024-06-30 12:03:57', '2024-06-30 12:03:57'),
(120, 'Mohr, Parisian and Simonis', '2024-06-30 12:03:57', '2024-06-30 12:03:57'),
(121, 'Abbott-Borer', '2024-06-30 12:03:57', '2024-06-30 12:03:57'),
(122, 'Bednar, Jast and Spencer', '2024-06-30 12:03:57', '2024-06-30 12:03:57'),
(123, 'Lockman, Beatty and Thiel', '2024-06-30 12:03:57', '2024-06-30 12:03:57'),
(124, 'Bernhard LLC', '2024-06-30 12:03:57', '2024-06-30 12:03:57'),
(125, 'Schuster-Dietrich', '2024-06-30 12:03:58', '2024-06-30 12:03:58'),
(126, 'Doyle, Spinka and Johns', '2024-06-30 12:03:58', '2024-06-30 12:03:58'),
(127, 'Klocko, Gerlach and Rippin', '2024-06-30 12:03:58', '2024-06-30 12:03:58'),
(128, 'Luettgen-Sipes', '2024-06-30 12:03:58', '2024-06-30 12:03:58'),
(129, 'Gerhold, Predovic and O\'Conner', '2024-06-30 12:03:58', '2024-06-30 12:03:58'),
(130, 'Friesen PLC', '2024-06-30 12:03:58', '2024-06-30 12:03:58'),
(131, 'Sipes PLC', '2024-06-30 12:03:58', '2024-06-30 12:03:58'),
(132, 'Bahringer and Sons', '2024-06-30 12:03:58', '2024-06-30 12:03:58'),
(133, 'White, Ondricka and Farrell', '2024-06-30 12:03:58', '2024-06-30 12:03:58'),
(134, 'Keebler, Runte and Hayes', '2024-06-30 12:03:58', '2024-06-30 12:03:58'),
(135, 'Weimann LLC', '2024-06-30 12:03:58', '2024-06-30 12:03:58'),
(136, 'Kshlerin, Swaniawski and Jakubowski', '2024-06-30 12:03:58', '2024-06-30 12:03:58'),
(137, 'Goyette, Bauch and Crooks', '2024-06-30 12:03:58', '2024-06-30 12:03:58'),
(138, 'Senger-Wunsch', '2024-06-30 12:03:58', '2024-06-30 12:03:58'),
(139, 'Rolfson and Sons', '2024-06-30 12:03:58', '2024-06-30 12:03:58'),
(140, 'Schaden PLC', '2024-06-30 12:03:58', '2024-06-30 12:03:58'),
(141, 'Weissnat, Bergstrom and Shields', '2024-06-30 12:03:58', '2024-06-30 12:03:58'),
(142, 'Murazik, Corwin and Mitchell', '2024-06-30 12:03:58', '2024-06-30 12:03:58'),
(143, 'Wisoky-Stiedemann', '2024-06-30 12:03:58', '2024-06-30 12:03:58'),
(144, 'Armstrong-Spencer', '2024-06-30 12:03:58', '2024-06-30 12:03:58'),
(145, 'Farrell-Hintz', '2024-06-30 12:03:58', '2024-06-30 12:03:58'),
(146, 'Ferry Inc', '2024-06-30 12:03:58', '2024-06-30 12:03:58'),
(147, 'Waelchi Ltd', '2024-06-30 12:03:58', '2024-06-30 12:03:58'),
(148, 'Kuhic, Schimmel and Hansen', '2024-06-30 12:03:58', '2024-06-30 12:03:58'),
(149, 'Osinski, Weber and Zboncak', '2024-06-30 12:03:58', '2024-06-30 12:03:58'),
(150, 'Tromp and Sons', '2024-06-30 12:03:58', '2024-06-30 12:03:58'),
(151, 'Wolff PLC', '2024-06-30 12:03:58', '2024-06-30 12:03:58'),
(152, 'Fadel, Kiehn and Metz', '2024-06-30 12:03:58', '2024-06-30 12:03:58'),
(153, 'Goyette and Sons', '2024-06-30 12:03:58', '2024-06-30 12:03:58'),
(154, 'Herman-Wolff', '2024-06-30 12:03:59', '2024-06-30 12:03:59'),
(155, 'Schumm LLC', '2024-06-30 12:03:59', '2024-06-30 12:03:59'),
(156, 'Bogan LLC', '2024-06-30 12:03:59', '2024-06-30 12:03:59'),
(157, 'Schaefer-Leannon', '2024-06-30 12:03:59', '2024-06-30 12:03:59'),
(158, 'Rowe and Sons', '2024-06-30 12:03:59', '2024-06-30 12:03:59'),
(159, 'Johns-Purdy', '2024-06-30 12:03:59', '2024-06-30 12:03:59'),
(160, 'Goyette Ltd', '2024-06-30 12:03:59', '2024-06-30 12:03:59'),
(161, 'Corkery LLC', '2024-06-30 12:03:59', '2024-06-30 12:03:59'),
(162, 'Lockman and Sons', '2024-06-30 12:03:59', '2024-06-30 12:03:59'),
(163, 'Cassin PLC', '2024-06-30 12:03:59', '2024-06-30 12:03:59'),
(164, 'Crona-Gulgowski', '2024-06-30 12:03:59', '2024-06-30 12:03:59'),
(165, 'Koelpin and Sons', '2024-06-30 12:03:59', '2024-06-30 12:03:59'),
(166, 'Gutmann Inc', '2024-06-30 12:03:59', '2024-06-30 12:03:59'),
(167, 'Mante-Pouros', '2024-06-30 12:03:59', '2024-06-30 12:03:59'),
(168, 'Becker PLC', '2024-06-30 12:03:59', '2024-06-30 12:03:59'),
(169, 'Boyer-Mann', '2024-06-30 12:03:59', '2024-06-30 12:03:59'),
(170, 'Kiehn Inc', '2024-06-30 12:03:59', '2024-06-30 12:03:59'),
(171, 'Vandervort, Casper and Stroman', '2024-06-30 12:03:59', '2024-06-30 12:03:59'),
(172, 'Witting, Leuschke and VonRueden', '2024-06-30 12:03:59', '2024-06-30 12:03:59'),
(173, 'O\'Reilly, Runolfsson and Jacobson', '2024-06-30 12:03:59', '2024-06-30 12:03:59'),
(174, 'Smitham PLC', '2024-06-30 12:03:59', '2024-06-30 12:03:59'),
(175, 'Nikolaus Group', '2024-06-30 12:03:59', '2024-06-30 12:03:59'),
(176, 'Kuhic-Cronin', '2024-06-30 12:03:59', '2024-06-30 12:03:59'),
(177, 'Haag, Wisoky and Kessler', '2024-06-30 12:03:59', '2024-06-30 12:03:59'),
(178, 'Bartell, Emmerich and Buckridge', '2024-06-30 12:03:59', '2024-06-30 12:03:59'),
(179, 'Little, Nitzsche and Satterfield', '2024-06-30 12:03:59', '2024-06-30 12:03:59'),
(180, 'Huels and Sons', '2024-06-30 12:03:59', '2024-06-30 12:03:59'),
(181, 'Lowe, Willms and Price', '2024-06-30 12:03:59', '2024-06-30 12:03:59'),
(182, 'Corkery, Williamson and Hills', '2024-06-30 12:03:59', '2024-06-30 12:03:59'),
(183, 'Bins, Keeling and Tillman', '2024-06-30 12:03:59', '2024-06-30 12:03:59'),
(184, 'Rosenbaum-Upton', '2024-06-30 12:03:59', '2024-06-30 12:03:59'),
(185, 'Russel, Schuppe and Borer', '2024-06-30 12:03:59', '2024-06-30 12:03:59'),
(186, 'Hammes Inc', '2024-06-30 12:03:59', '2024-06-30 12:03:59'),
(187, 'Goodwin, Strosin and Bernhard', '2024-06-30 12:03:59', '2024-06-30 12:03:59'),
(188, 'Feeney, Willms and Balistreri', '2024-06-30 12:03:59', '2024-06-30 12:03:59'),
(189, 'Huels-D\'Amore', '2024-06-30 12:03:59', '2024-06-30 12:03:59'),
(190, 'Hill, Cartwright and Hagenes', '2024-06-30 12:03:59', '2024-06-30 12:03:59'),
(191, 'Braun Ltd', '2024-06-30 12:03:59', '2024-06-30 12:03:59'),
(192, 'Pouros, Kassulke and Considine', '2024-06-30 12:03:59', '2024-06-30 12:03:59'),
(193, 'Von PLC', '2024-06-30 12:03:59', '2024-06-30 12:03:59'),
(194, 'Hintz LLC', '2024-06-30 12:03:59', '2024-06-30 12:03:59'),
(195, 'Schaden, Muller and Gorczany', '2024-06-30 12:03:59', '2024-06-30 12:03:59'),
(196, 'Larkin, Boyle and Cremin', '2024-06-30 12:03:59', '2024-06-30 12:03:59'),
(197, 'Wyman and Sons', '2024-06-30 12:03:59', '2024-06-30 12:03:59'),
(198, 'Kub LLC', '2024-06-30 12:03:59', '2024-06-30 12:03:59'),
(199, 'McLaughlin PLC', '2024-06-30 12:03:59', '2024-06-30 12:03:59'),
(200, 'Doyle PLC', '2024-06-30 12:03:59', '2024-06-30 12:03:59'),
(201, 'Medhurst-Pollich', '2024-06-30 12:03:59', '2024-06-30 12:03:59'),
(202, 'Hirthe, Murphy and Senger', '2024-06-30 12:03:59', '2024-06-30 12:03:59'),
(203, 'Pacocha, Nader and Connelly', '2024-06-30 12:03:59', '2024-06-30 12:03:59');

-- --------------------------------------------------------

--
-- Table structure for table `designations`
--

CREATE TABLE `designations` (
  `id` bigint(20) UNSIGNED NOT NULL,
  `name` varchar(255) NOT NULL,
  `created_at` timestamp NULL DEFAULT NULL,
  `updated_at` timestamp NULL DEFAULT NULL
) ENGINE=InnoDB DEFAULT CHARSET=utf8mb4 COLLATE=utf8mb4_unicode_ci;

--
-- Dumping data for table `designations`
--

INSERT INTO `designations` (`id`, `name`, `created_at`, `updated_at`) VALUES
(1, 'Manager', '2024-06-30 05:54:14', NULL),
(2, 'Developer', '2024-06-30 05:54:14', NULL),
(3, 'Designer', '2024-06-30 05:54:14', NULL),
(4, 'Photographic Processing Machine Operator', '2024-06-30 12:03:36', '2024-06-30 12:03:36'),
(5, 'Massage Therapist', '2024-06-30 12:03:36', '2024-06-30 12:03:36'),
(6, 'Upholsterer', '2024-06-30 12:03:36', '2024-06-30 12:03:36'),
(7, 'Fiberglass Laminator and Fabricator', '2024-06-30 12:03:36', '2024-06-30 12:03:36'),
(8, 'Title Abstractor', '2024-06-30 12:03:36', '2024-06-30 12:03:36'),
(9, 'Clinical School Psychologist', '2024-06-30 12:03:37', '2024-06-30 12:03:37'),
(10, 'Fabric Mender', '2024-06-30 12:03:37', '2024-06-30 12:03:37'),
(11, 'Petroleum Pump System Operator', '2024-06-30 12:03:37', '2024-06-30 12:03:37'),
(12, 'Municipal Fire Fighter', '2024-06-30 12:03:37', '2024-06-30 12:03:37'),
(13, 'Industrial Production Manager', '2024-06-30 12:03:37', '2024-06-30 12:03:37'),
(14, 'Ship Pilot', '2024-06-30 12:03:37', '2024-06-30 12:03:37'),
(15, 'Automotive Mechanic', '2024-06-30 12:03:37', '2024-06-30 12:03:37'),
(16, 'Heat Treating Equipment Operator', '2024-06-30 12:03:37', '2024-06-30 12:03:37'),
(17, 'Furnace Operator', '2024-06-30 12:03:37', '2024-06-30 12:03:37'),
(18, 'Photoengraving Machine Operator', '2024-06-30 12:03:37', '2024-06-30 12:03:37'),
(19, 'Highway Maintenance Worker', '2024-06-30 12:03:37', '2024-06-30 12:03:37'),
(20, 'Electronic Masking System Operator', '2024-06-30 12:03:37', '2024-06-30 12:03:37'),
(21, 'Landscaper', '2024-06-30 12:03:37', '2024-06-30 12:03:37'),
(22, 'Sketch Artist', '2024-06-30 12:03:37', '2024-06-30 12:03:37'),
(23, 'Biochemist or Biophysicist', '2024-06-30 12:03:38', '2024-06-30 12:03:38'),
(24, 'Business Operations Specialist', '2024-06-30 12:03:38', '2024-06-30 12:03:38'),
(25, 'Clergy', '2024-06-30 12:03:38', '2024-06-30 12:03:38'),
(26, 'Battery Repairer', '2024-06-30 12:03:38', '2024-06-30 12:03:38'),
(27, 'Hand Sewer', '2024-06-30 12:03:38', '2024-06-30 12:03:38'),
(28, 'Forming Machine Operator', '2024-06-30 12:03:38', '2024-06-30 12:03:38'),
(29, 'Automotive Glass Installers', '2024-06-30 12:03:38', '2024-06-30 12:03:38'),
(30, 'Armored Assault Vehicle Crew Member', '2024-06-30 12:03:38', '2024-06-30 12:03:38'),
(31, 'Pile-Driver Operator', '2024-06-30 12:03:39', '2024-06-30 12:03:39'),
(32, 'Health Practitioner', '2024-06-30 12:03:39', '2024-06-30 12:03:39'),
(33, 'Talent Acquisition Manager', '2024-06-30 12:03:39', '2024-06-30 12:03:39'),
(34, 'Streetcar Operator', '2024-06-30 12:03:39', '2024-06-30 12:03:39'),
(35, 'Pediatricians', '2024-06-30 12:03:39', '2024-06-30 12:03:39'),
(36, 'Heating Equipment Operator', '2024-06-30 12:03:39', '2024-06-30 12:03:39'),
(37, 'Geoscientists', '2024-06-30 12:03:39', '2024-06-30 12:03:39'),
(38, 'Media and Communication Worker', '2024-06-30 12:03:39', '2024-06-30 12:03:39'),
(39, 'Radiologic Technician', '2024-06-30 12:03:39', '2024-06-30 12:03:39'),
(40, 'Wind Instrument Repairer', '2024-06-30 12:03:39', '2024-06-30 12:03:39'),
(41, 'Stock Clerk', '2024-06-30 12:03:39', '2024-06-30 12:03:39'),
(42, 'Environmental Science Technician', '2024-06-30 12:03:39', '2024-06-30 12:03:39'),
(43, 'Woodworker', '2024-06-30 12:03:39', '2024-06-30 12:03:39'),
(44, 'Manufacturing Sales Representative', '2024-06-30 12:03:39', '2024-06-30 12:03:39'),
(45, 'Cartoonist', '2024-06-30 12:03:39', '2024-06-30 12:03:39'),
(46, 'Fire Investigator', '2024-06-30 12:03:39', '2024-06-30 12:03:39'),
(47, 'Adjustment Clerk', '2024-06-30 12:03:39', '2024-06-30 12:03:39'),
(48, 'Skin Care Specialist', '2024-06-30 12:03:39', '2024-06-30 12:03:39'),
(49, 'Dredge Operator', '2024-06-30 12:03:39', '2024-06-30 12:03:39'),
(50, 'Librarian', '2024-06-30 12:03:39', '2024-06-30 12:03:39'),
(51, 'Preschool Education Administrators', '2024-06-30 12:03:39', '2024-06-30 12:03:39'),
(52, 'Naval Architects', '2024-06-30 12:03:39', '2024-06-30 12:03:39'),
(53, 'Emergency Management Specialist', '2024-06-30 12:03:39', '2024-06-30 12:03:39'),
(54, 'Engineering', '2024-06-30 12:03:41', '2024-06-30 12:03:41'),
(55, 'Team Assembler', '2024-06-30 12:03:41', '2024-06-30 12:03:41'),
(56, 'Forensic Science Technician', '2024-06-30 12:03:41', '2024-06-30 12:03:41'),
(57, 'Heavy Equipment Mechanic', '2024-06-30 12:03:41', '2024-06-30 12:03:41'),
(58, 'Fire Inspector', '2024-06-30 12:03:41', '2024-06-30 12:03:41'),
(59, 'Logging Supervisor', '2024-06-30 12:03:41', '2024-06-30 12:03:41'),
(60, 'Structural Iron and Steel Worker', '2024-06-30 12:03:41', '2024-06-30 12:03:41'),
(61, 'Compacting Machine Operator', '2024-06-30 12:03:41', '2024-06-30 12:03:41'),
(62, 'Packer and Packager', '2024-06-30 12:03:41', '2024-06-30 12:03:41'),
(63, 'Respiratory Therapist', '2024-06-30 12:03:41', '2024-06-30 12:03:41'),
(64, 'Building Inspector', '2024-06-30 12:03:41', '2024-06-30 12:03:41'),
(65, 'Funeral Director', '2024-06-30 12:03:41', '2024-06-30 12:03:41'),
(66, 'Dot Etcher', '2024-06-30 12:03:41', '2024-06-30 12:03:41'),
(67, 'Buyer', '2024-06-30 12:03:41', '2024-06-30 12:03:41'),
(68, 'Manager Tactical Operations', '2024-06-30 12:03:41', '2024-06-30 12:03:41'),
(69, 'Shipping and Receiving Clerk', '2024-06-30 12:03:41', '2024-06-30 12:03:41'),
(70, 'Welding Machine Operator', '2024-06-30 12:03:41', '2024-06-30 12:03:41'),
(71, 'Geographer', '2024-06-30 12:03:41', '2024-06-30 12:03:41'),
(72, 'Fitness Trainer', '2024-06-30 12:03:41', '2024-06-30 12:03:41'),
(73, 'Business Manager', '2024-06-30 12:03:41', '2024-06-30 12:03:41'),
(74, 'Recreation Worker', '2024-06-30 12:03:41', '2024-06-30 12:03:41'),
(75, 'Reservation Agent OR Transportation Ticket Agent', '2024-06-30 12:03:41', '2024-06-30 12:03:41'),
(76, 'Physical Therapist Assistant', '2024-06-30 12:03:41', '2024-06-30 12:03:41'),
(77, 'Police and Sheriffs Patrol Officer', '2024-06-30 12:03:41', '2024-06-30 12:03:41'),
(78, 'Drilling and Boring Machine Tool Setter', '2024-06-30 12:03:41', '2024-06-30 12:03:41'),
(79, 'Architectural Drafter', '2024-06-30 12:03:41', '2024-06-30 12:03:41'),
(80, 'Reservation Agent OR Transportation Ticket Agent', '2024-06-30 12:03:41', '2024-06-30 12:03:41'),
(81, 'Human Resources Assistant', '2024-06-30 12:03:41', '2024-06-30 12:03:41'),
(82, 'Floral Designer', '2024-06-30 12:03:41', '2024-06-30 12:03:41'),
(83, 'Heat Treating Equipment Operator', '2024-06-30 12:03:41', '2024-06-30 12:03:41'),
(84, 'Communication Equipment Repairer', '2024-06-30 12:03:41', '2024-06-30 12:03:41'),
(85, 'Maintenance Equipment Operator', '2024-06-30 12:03:41', '2024-06-30 12:03:41'),
(86, 'Product Specialist', '2024-06-30 12:03:41', '2024-06-30 12:03:41'),
(87, 'Agricultural Equipment Operator', '2024-06-30 12:03:41', '2024-06-30 12:03:41'),
(88, 'Military Officer', '2024-06-30 12:03:41', '2024-06-30 12:03:41'),
(89, 'Woodworking Machine Setter', '2024-06-30 12:03:41', '2024-06-30 12:03:41'),
(90, 'Professor', '2024-06-30 12:03:41', '2024-06-30 12:03:41'),
(91, 'Composer', '2024-06-30 12:03:41', '2024-06-30 12:03:41'),
(92, 'Grips', '2024-06-30 12:03:41', '2024-06-30 12:03:41'),
(93, 'Sawing Machine Tool Setter', '2024-06-30 12:03:41', '2024-06-30 12:03:41'),
(94, 'Streetcar Operator', '2024-06-30 12:03:41', '2024-06-30 12:03:41'),
(95, 'Tailor', '2024-06-30 12:03:41', '2024-06-30 12:03:41'),
(96, 'Welder and Cutter', '2024-06-30 12:03:41', '2024-06-30 12:03:41'),
(97, 'Motor Vehicle Operator', '2024-06-30 12:03:41', '2024-06-30 12:03:41'),
(98, 'Concierge', '2024-06-30 12:03:41', '2024-06-30 12:03:41'),
(99, 'Environmental Engineer', '2024-06-30 12:03:41', '2024-06-30 12:03:41'),
(100, 'Communication Equipment Repairer', '2024-06-30 12:03:41', '2024-06-30 12:03:41'),
(101, 'Automotive Technician', '2024-06-30 12:03:41', '2024-06-30 12:03:41'),
(102, 'Personal Trainer', '2024-06-30 12:03:41', '2024-06-30 12:03:41'),
(103, 'Choreographer', '2024-06-30 12:03:41', '2024-06-30 12:03:41'),
(104, 'Ship Captain', '2024-06-30 12:03:57', '2024-06-30 12:03:57'),
(105, 'Human Resource Manager', '2024-06-30 12:03:57', '2024-06-30 12:03:57'),
(106, 'Air Traffic Controller', '2024-06-30 12:03:57', '2024-06-30 12:03:57'),
(107, 'Mechanical Engineering Technician', '2024-06-30 12:03:57', '2024-06-30 12:03:57'),
(108, 'Command Control Center Specialist', '2024-06-30 12:03:57', '2024-06-30 12:03:57'),
(109, 'Physics Teacher', '2024-06-30 12:03:57', '2024-06-30 12:03:57'),
(110, 'Biochemist', '2024-06-30 12:03:57', '2024-06-30 12:03:57'),
(111, 'Petroleum Engineer', '2024-06-30 12:03:57', '2024-06-30 12:03:57'),
(112, 'Astronomer', '2024-06-30 12:03:57', '2024-06-30 12:03:57'),
(113, 'Program Director', '2024-06-30 12:03:57', '2024-06-30 12:03:57'),
(114, 'Welder', '2024-06-30 12:03:57', '2024-06-30 12:03:57'),
(115, 'Music Composer', '2024-06-30 12:03:57', '2024-06-30 12:03:57'),
(116, 'Telecommunications Facility Examiner', '2024-06-30 12:03:57', '2024-06-30 12:03:57'),
(117, 'Economics Teacher', '2024-06-30 12:03:57', '2024-06-30 12:03:57'),
(118, 'Food Tobacco Roasting', '2024-06-30 12:03:57', '2024-06-30 12:03:57'),
(119, 'Maintenance and Repair Worker', '2024-06-30 12:03:57', '2024-06-30 12:03:57'),
(120, 'Ophthalmic Laboratory Technician', '2024-06-30 12:03:57', '2024-06-30 12:03:57'),
(121, 'Anesthesiologist', '2024-06-30 12:03:57', '2024-06-30 12:03:57'),
(122, 'Healthcare Practitioner', '2024-06-30 12:03:57', '2024-06-30 12:03:57'),
(123, 'Fitter', '2024-06-30 12:03:57', '2024-06-30 12:03:57'),
(124, 'Automotive Mechanic', '2024-06-30 12:03:58', '2024-06-30 12:03:58'),
(125, 'Commercial and Industrial Designer', '2024-06-30 12:03:58', '2024-06-30 12:03:58'),
(126, 'Signal Repairer OR Track Switch Repairer', '2024-06-30 12:03:58', '2024-06-30 12:03:58'),
(127, 'Terrazzo Workes and Finisher', '2024-06-30 12:03:58', '2024-06-30 12:03:58'),
(128, 'Makeup Artists', '2024-06-30 12:03:58', '2024-06-30 12:03:58'),
(129, 'Chemical Equipment Controller', '2024-06-30 12:03:58', '2024-06-30 12:03:58'),
(130, 'Environmental Science Technician', '2024-06-30 12:03:58', '2024-06-30 12:03:58'),
(131, 'Mining Machine Operator', '2024-06-30 12:03:58', '2024-06-30 12:03:58'),
(132, 'Fire Fighter', '2024-06-30 12:03:58', '2024-06-30 12:03:58'),
(133, 'Computer Repairer', '2024-06-30 12:03:58', '2024-06-30 12:03:58'),
(134, 'Rotary Drill Operator', '2024-06-30 12:03:58', '2024-06-30 12:03:58'),
(135, 'Loan Counselor', '2024-06-30 12:03:58', '2024-06-30 12:03:58'),
(136, 'Child Care', '2024-06-30 12:03:58', '2024-06-30 12:03:58'),
(137, 'Computer Programmer', '2024-06-30 12:03:58', '2024-06-30 12:03:58'),
(138, 'Entertainment Attendant', '2024-06-30 12:03:58', '2024-06-30 12:03:58'),
(139, 'Electro-Mechanical Technician', '2024-06-30 12:03:58', '2024-06-30 12:03:58'),
(140, 'Customer Service Representative', '2024-06-30 12:03:58', '2024-06-30 12:03:58'),
(141, 'Supervisor of Police', '2024-06-30 12:03:58', '2024-06-30 12:03:58'),
(142, 'Installation and Repair Technician', '2024-06-30 12:03:58', '2024-06-30 12:03:58'),
(143, 'Health Technologist', '2024-06-30 12:03:58', '2024-06-30 12:03:58'),
(144, 'Biological Scientist', '2024-06-30 12:03:58', '2024-06-30 12:03:58'),
(145, 'Psychiatric Aide', '2024-06-30 12:03:58', '2024-06-30 12:03:58'),
(146, 'Cashier', '2024-06-30 12:03:58', '2024-06-30 12:03:58'),
(147, 'Nursery Worker', '2024-06-30 12:03:58', '2024-06-30 12:03:58'),
(148, 'Optical Instrument Assembler', '2024-06-30 12:03:58', '2024-06-30 12:03:58'),
(149, 'Meter Mechanic', '2024-06-30 12:03:58', '2024-06-30 12:03:58'),
(150, 'Automotive Technician', '2024-06-30 12:03:58', '2024-06-30 12:03:58'),
(151, 'Glazier', '2024-06-30 12:03:58', '2024-06-30 12:03:58'),
(152, 'Painting Machine Operator', '2024-06-30 12:03:58', '2024-06-30 12:03:58'),
(153, 'Courier', '2024-06-30 12:03:58', '2024-06-30 12:03:58'),
(154, 'Agricultural Manager', '2024-06-30 12:04:00', '2024-06-30 12:04:00'),
(155, 'Marking Machine Operator', '2024-06-30 12:04:00', '2024-06-30 12:04:00'),
(156, 'Precision Devices Inspector', '2024-06-30 12:04:00', '2024-06-30 12:04:00'),
(157, 'Plating Operator OR Coating Machine Operator', '2024-06-30 12:04:00', '2024-06-30 12:04:00'),
(158, 'Petroleum Pump Operator', '2024-06-30 12:04:00', '2024-06-30 12:04:00'),
(159, 'Veterinary Technician', '2024-06-30 12:04:00', '2024-06-30 12:04:00'),
(160, 'Insurance Policy Processing Clerk', '2024-06-30 12:04:00', '2024-06-30 12:04:00'),
(161, 'Logging Equipment Operator', '2024-06-30 12:04:00', '2024-06-30 12:04:00'),
(162, 'Precious Stone Worker', '2024-06-30 12:04:00', '2024-06-30 12:04:00'),
(163, 'Algorithm Developer', '2024-06-30 12:04:00', '2024-06-30 12:04:00'),
(164, 'Producers and Director', '2024-06-30 12:04:00', '2024-06-30 12:04:00'),
(165, 'Food Batchmaker', '2024-06-30 12:04:00', '2024-06-30 12:04:00'),
(166, 'Septic Tank Servicer', '2024-06-30 12:04:00', '2024-06-30 12:04:00'),
(167, 'Construction Equipment Operator', '2024-06-30 12:04:00', '2024-06-30 12:04:00'),
(168, 'Automotive Body Repairer', '2024-06-30 12:04:00', '2024-06-30 12:04:00'),
(169, 'Actor', '2024-06-30 12:04:00', '2024-06-30 12:04:00'),
(170, 'Outdoor Power Equipment Mechanic', '2024-06-30 12:04:00', '2024-06-30 12:04:00'),
(171, 'Textile Dyeing Machine Operator', '2024-06-30 12:04:00', '2024-06-30 12:04:00'),
(172, 'Pharmaceutical Sales Representative', '2024-06-30 12:04:00', '2024-06-30 12:04:00'),
(173, 'Executive Secretary', '2024-06-30 12:04:00', '2024-06-30 12:04:00'),
(174, 'Nuclear Monitoring Technician', '2024-06-30 12:04:00', '2024-06-30 12:04:00'),
(175, 'Credit Checker', '2024-06-30 12:04:00', '2024-06-30 12:04:00'),
(176, 'Aircraft Launch and Recovery Officer', '2024-06-30 12:04:00', '2024-06-30 12:04:00'),
(177, 'Fast Food Cook', '2024-06-30 12:04:00', '2024-06-30 12:04:00'),
(178, 'HVAC Mechanic', '2024-06-30 12:04:00', '2024-06-30 12:04:00'),
(179, 'Writer OR Author', '2024-06-30 12:04:00', '2024-06-30 12:04:00'),
(180, 'Mine Cutting Machine Operator', '2024-06-30 12:04:00', '2024-06-30 12:04:00'),
(181, 'Public Health Social Worker', '2024-06-30 12:04:00', '2024-06-30 12:04:00'),
(182, 'Production Planner', '2024-06-30 12:04:00', '2024-06-30 12:04:00'),
(183, 'Athletes and Sports Competitor', '2024-06-30 12:04:00', '2024-06-30 12:04:00'),
(184, 'Political Scientist', '2024-06-30 12:04:00', '2024-06-30 12:04:00'),
(185, 'Foundry Mold and Coremaker', '2024-06-30 12:04:00', '2024-06-30 12:04:00'),
(186, 'Drywall Ceiling Tile Installer', '2024-06-30 12:04:00', '2024-06-30 12:04:00'),
(187, 'Logging Equipment Operator', '2024-06-30 12:04:00', '2024-06-30 12:04:00'),
(188, 'Electrical and Electronic Inspector and Tester', '2024-06-30 12:04:00', '2024-06-30 12:04:00'),
(189, 'Mail Machine Operator', '2024-06-30 12:04:00', '2024-06-30 12:04:00'),
(190, 'Survey Researcher', '2024-06-30 12:04:00', '2024-06-30 12:04:00'),
(191, 'Fiber Product Cutting Machine Operator', '2024-06-30 12:04:00', '2024-06-30 12:04:00'),
(192, 'Upholsterer', '2024-06-30 12:04:00', '2024-06-30 12:04:00'),
(193, 'Transportation Attendant', '2024-06-30 12:04:00', '2024-06-30 12:04:00'),
(194, 'Government', '2024-06-30 12:04:00', '2024-06-30 12:04:00'),
(195, 'Recreation and Fitness Studies Teacher', '2024-06-30 12:04:00', '2024-06-30 12:04:00'),
(196, 'Landscaping', '2024-06-30 12:04:00', '2024-06-30 12:04:00'),
(197, 'Welder and Cutter', '2024-06-30 12:04:00', '2024-06-30 12:04:00'),
(198, 'Agricultural Engineer', '2024-06-30 12:04:00', '2024-06-30 12:04:00'),
(199, 'Architectural Drafter', '2024-06-30 12:04:00', '2024-06-30 12:04:00'),
(200, 'Electrical and Electronic Inspector and Tester', '2024-06-30 12:04:00', '2024-06-30 12:04:00'),
(201, 'Preschool Education Administrators', '2024-06-30 12:04:00', '2024-06-30 12:04:00'),
(202, 'City', '2024-06-30 12:04:00', '2024-06-30 12:04:00'),
(203, 'Production Inspector', '2024-06-30 12:04:00', '2024-06-30 12:04:00');

-- --------------------------------------------------------

--
-- Table structure for table `migrations`
--

CREATE TABLE `migrations` (
  `id` int(10) UNSIGNED NOT NULL,
  `migration` varchar(255) NOT NULL,
  `batch` int(11) NOT NULL
) ENGINE=InnoDB DEFAULT CHARSET=utf8mb4 COLLATE=utf8mb4_unicode_ci;

--
-- Dumping data for table `migrations`
--

INSERT INTO `migrations` (`id`, `migration`, `batch`) VALUES
(1, '2019_12_14_000001_create_personal_access_tokens_table', 1),
(2, '2024_06_30_092637_create_users_table', 1),
(3, '2024_06_30_092643_create_designations_table', 1),
(4, '2024_06_30_092649_create_departments_table', 1);

-- --------------------------------------------------------

--
-- Table structure for table `personal_access_tokens`
--

CREATE TABLE `personal_access_tokens` (
  `id` bigint(20) UNSIGNED NOT NULL,
  `tokenable_type` varchar(255) NOT NULL,
  `tokenable_id` bigint(20) UNSIGNED NOT NULL,
  `name` varchar(255) NOT NULL,
  `token` varchar(64) NOT NULL,
  `abilities` text DEFAULT NULL,
  `last_used_at` timestamp NULL DEFAULT NULL,
  `expires_at` timestamp NULL DEFAULT NULL,
  `created_at` timestamp NULL DEFAULT NULL,
  `updated_at` timestamp NULL DEFAULT NULL
) ENGINE=InnoDB DEFAULT CHARSET=utf8mb4 COLLATE=utf8mb4_unicode_ci;

-- --------------------------------------------------------

--
-- Table structure for table `users`
--

CREATE TABLE `users` (
  `id` bigint(20) UNSIGNED NOT NULL,
  `name` varchar(255) NOT NULL,
  `fk_department` bigint(20) UNSIGNED NOT NULL,
  `fk_designation` bigint(20) UNSIGNED NOT NULL,
  `phone_number` varchar(255) NOT NULL,
  `created_at` timestamp NULL DEFAULT NULL,
  `updated_at` timestamp NULL DEFAULT NULL
) ENGINE=InnoDB DEFAULT CHARSET=utf8mb4 COLLATE=utf8mb4_unicode_ci;

--
-- Dumping data for table `users`
--

INSERT INTO `users` (`id`, `name`, `fk_department`, `fk_designation`, `phone_number`, `created_at`, `updated_at`) VALUES
(1, 'John Doe', 1, 1, '1234567890', '2024-06-30 05:54:14', NULL),
(2, 'Jane Smith', 2, 2, '0987654321', '2024-06-30 05:54:14', NULL),
(3, 'Patsy Corkery', 4, 4, '+1-380-787-1885', '2024-06-30 12:03:34', '2024-06-30 12:03:34'),
(4, 'Marjorie Hane', 5, 5, '+13014244459', '2024-06-30 12:03:36', '2024-06-30 12:03:36'),
(5, 'Prof. Alayna Bechtelar DDS', 6, 6, '+18433006123', '2024-06-30 12:03:36', '2024-06-30 12:03:36'),
(6, 'Ms. Bianka Kessler', 7, 7, '+1-567-947-9127', '2024-06-30 12:03:36', '2024-06-30 12:03:36'),
(7, 'Ayden Tremblay', 8, 8, '518-220-5412', '2024-06-30 12:03:36', '2024-06-30 12:03:36'),
(8, 'Dr. Jairo West', 9, 9, '279.477.6824', '2024-06-30 12:03:36', '2024-06-30 12:03:36'),
(9, 'Gage Lindgren', 10, 10, '(956) 629-4237', '2024-06-30 12:03:37', '2024-06-30 12:03:37'),
(10, 'Lucas Hoeger', 11, 11, '651.212.2361', '2024-06-30 12:03:37', '2024-06-30 12:03:37'),
(11, 'Agustin Monahan', 12, 12, '520-646-2258', '2024-06-30 12:03:37', '2024-06-30 12:03:37'),
(12, 'Leon Reichel', 13, 13, '+1.325.353.2377', '2024-06-30 12:03:37', '2024-06-30 12:03:37'),
(13, 'Nyasia Torp', 14, 14, '+1.463.876.8352', '2024-06-30 12:03:37', '2024-06-30 12:03:37'),
(14, 'Darrell Stoltenberg', 15, 15, '(341) 981-3408', '2024-06-30 12:03:37', '2024-06-30 12:03:37'),
(15, 'Aaliyah Senger', 1, 1, '+1 (847) 271-6945', '2024-06-30 12:03:37', '2024-06-30 12:03:37'),
(16, 'Dr. Eliseo Turner IV', 17, 17, '843.623.3406', '2024-06-30 12:03:37', '2024-06-30 12:03:37'),
(17, 'Assunta Bahringer V', 18, 18, '+1.347.554.0396', '2024-06-30 12:03:37', '2024-06-30 12:03:37'),
(18, 'Esther Maggio', 19, 19, '612.995.3520', '2024-06-30 12:03:37', '2024-06-30 12:03:37'),
(19, 'Cesar Schmitt', 20, 20, '845.243.1088', '2024-06-30 12:03:37', '2024-06-30 12:03:37'),
(20, 'Eunice Corkery', 21, 21, '551.501.4013', '2024-06-30 12:03:37', '2024-06-30 12:03:37'),
(21, 'Prof. Joshua Deckow PhD', 22, 22, '1-541-618-1520', '2024-06-30 12:03:37', '2024-06-30 12:03:37'),
(22, 'Emery Schaden', 23, 23, '(540) 807-2044', '2024-06-30 12:03:38', '2024-06-30 12:03:38'),
(23, 'Jessyca Pfannerstill', 24, 24, '619-262-9467', '2024-06-30 12:03:38', '2024-06-30 12:03:38'),
(24, 'Macey Ward Jr.', 25, 25, '272.665.6800', '2024-06-30 12:03:38', '2024-06-30 12:03:38'),
(25, 'Prof. Merlin Beer', 26, 26, '1-707-429-8535', '2024-06-30 12:03:38', '2024-06-30 12:03:38'),
(26, 'Omari Hegmann IV', 27, 27, '+1 (479) 565-9957', '2024-06-30 12:03:38', '2024-06-30 12:03:38'),
(27, 'Ida Okuneva', 28, 28, '404.798.4313', '2024-06-30 12:03:38', '2024-06-30 12:03:38'),
(28, 'Emelia Zemlak', 29, 29, '1-332-253-5112', '2024-06-30 12:03:38', '2024-06-30 12:03:38'),
(29, 'Mathew Gleichner', 30, 30, '+15159864884', '2024-06-30 12:03:38', '2024-06-30 12:03:38'),
(30, 'Piper Hahn', 31, 31, '1-478-667-4519', '2024-06-30 12:03:38', '2024-06-30 12:03:38'),
(31, 'Declan Hettinger', 32, 32, '+1-820-594-8183', '2024-06-30 12:03:39', '2024-06-30 12:03:39'),
(32, 'Rollin Hills', 33, 33, '(747) 291-3626', '2024-06-30 12:03:39', '2024-06-30 12:03:39'),
(33, 'Kiarra Blanda', 34, 34, '575.378.4991', '2024-06-30 12:03:39', '2024-06-30 12:03:39'),
(34, 'Caleb Weber', 35, 35, '(801) 509-6581', '2024-06-30 12:03:39', '2024-06-30 12:03:39'),
(35, 'Alexandria Ankunding', 36, 36, '+1-435-967-9016', '2024-06-30 12:03:39', '2024-06-30 12:03:39'),
(36, 'Dr. Vito Kemmer I', 37, 37, '(385) 789-7902', '2024-06-30 12:03:39', '2024-06-30 12:03:39'),
(37, 'Ebony Armstrong', 38, 38, '(575) 557-6321', '2024-06-30 12:03:39', '2024-06-30 12:03:39'),
(38, 'Andrew Doyle', 39, 39, '773-273-2328', '2024-06-30 12:03:39', '2024-06-30 12:03:39'),
(39, 'Thaddeus Mann', 40, 40, '972-867-1007', '2024-06-30 12:03:39', '2024-06-30 12:03:39'),
(40, 'Sheldon Simonis', 41, 41, '580-487-7839', '2024-06-30 12:03:39', '2024-06-30 12:03:39'),
(41, 'Pascale O\'Reilly Sr.', 42, 42, '+1.970.705.1637', '2024-06-30 12:03:39', '2024-06-30 12:03:39'),
(42, 'Ophelia Ankunding', 43, 43, '+1.620.615.4383', '2024-06-30 12:03:39', '2024-06-30 12:03:39'),
(43, 'Otto Haley', 44, 44, '229.512.3771', '2024-06-30 12:03:39', '2024-06-30 12:03:39'),
(44, 'Sonya Lesch', 45, 45, '442-304-4246', '2024-06-30 12:03:39', '2024-06-30 12:03:39'),
(45, 'Mrs. Emmy Funk', 46, 46, '1-667-985-6002', '2024-06-30 12:03:39', '2024-06-30 12:03:39'),
(46, 'Amara Champlin', 47, 47, '(423) 908-6547', '2024-06-30 12:03:39', '2024-06-30 12:03:39'),
(47, 'Prof. Angel DuBuque Sr.', 48, 48, '+1.747.593.2630', '2024-06-30 12:03:39', '2024-06-30 12:03:39'),
(48, 'Lorenza Anderson II', 49, 49, '732-996-4901', '2024-06-30 12:03:39', '2024-06-30 12:03:39'),
(49, 'Mrs. Elenor Beier DDS', 50, 50, '386.363.0672', '2024-06-30 12:03:39', '2024-06-30 12:03:39'),
(50, 'Dorcas Blick', 51, 51, '1-650-599-6326', '2024-06-30 12:03:39', '2024-06-30 12:03:39'),
(51, 'Dawn Schmeler', 52, 52, '+15675481033', '2024-06-30 12:03:39', '2024-06-30 12:03:39'),
(52, 'Dr. Terrill Wehner', 53, 53, '629-539-7161', '2024-06-30 12:03:39', '2024-06-30 12:03:39'),
(53, 'Danielle Koch Sr.', 104, 104, '1-602-468-3351', '2024-06-30 12:03:57', '2024-06-30 12:03:57'),
(54, 'Miss Cindy Pouros', 105, 105, '+1-850-621-9845', '2024-06-30 12:03:57', '2024-06-30 12:03:57'),
(55, 'Maryse Conn', 106, 106, '283.354.4815', '2024-06-30 12:03:57', '2024-06-30 12:03:57'),
(56, 'Orin Zulauf', 107, 107, '+1-469-585-4517', '2024-06-30 12:03:57', '2024-06-30 12:03:57'),
(57, 'Dr. Zoie Goldner', 108, 108, '+1 (872) 935-8889', '2024-06-30 12:03:57', '2024-06-30 12:03:57'),
(58, 'Miss Gwen Beier', 109, 109, '1-747-956-0682', '2024-06-30 12:03:57', '2024-06-30 12:03:57'),
(59, 'Brandyn Hartmann I', 110, 110, '+1.316.214.5031', '2024-06-30 12:03:57', '2024-06-30 12:03:57'),
(60, 'Xander Dach', 111, 111, '(906) 264-6480', '2024-06-30 12:03:57', '2024-06-30 12:03:57'),
(61, 'Ms. Zoey Feeney V', 112, 112, '682-552-7517', '2024-06-30 12:03:57', '2024-06-30 12:03:57'),
(62, 'Dr. Rhoda Donnelly DDS', 113, 113, '+1-331-546-6862', '2024-06-30 12:03:57', '2024-06-30 12:03:57'),
(63, 'Daisha Bogan', 114, 114, '781-720-2733', '2024-06-30 12:03:57', '2024-06-30 12:03:57'),
(64, 'Mr. Elijah Hilpert', 115, 115, '1-315-669-6645', '2024-06-30 12:03:57', '2024-06-30 12:03:57'),
(65, 'Mrs. Gertrude Orn', 116, 116, '1-712-217-5747', '2024-06-30 12:03:57', '2024-06-30 12:03:57'),
(66, 'Jadon Corkery', 117, 117, '+16615180657', '2024-06-30 12:03:57', '2024-06-30 12:03:57'),
(67, 'Llewellyn Beer', 118, 118, '(205) 379-0620', '2024-06-30 12:03:57', '2024-06-30 12:03:57'),
(68, 'Dr. Watson Schumm Jr.', 119, 119, '848-701-2409', '2024-06-30 12:03:57', '2024-06-30 12:03:57'),
(69, 'Delphia Bartoletti', 120, 120, '+1-914-904-6364', '2024-06-30 12:03:57', '2024-06-30 12:03:57'),
(70, 'Ruthe Yundt', 121, 121, '+1-442-679-3209', '2024-06-30 12:03:57', '2024-06-30 12:03:57'),
(71, 'Soledad Lemke', 122, 122, '+1 (704) 822-8909', '2024-06-30 12:03:57', '2024-06-30 12:03:57'),
(72, 'Prof. Malvina Witting IV', 123, 123, '+1.805.875.2101', '2024-06-30 12:03:57', '2024-06-30 12:03:57'),
(73, 'Francis Littel DVM', 124, 124, '+1.830.260.4798', '2024-06-30 12:03:57', '2024-06-30 12:03:57'),
(74, 'Asa Hackett', 125, 125, '(269) 508-9344', '2024-06-30 12:03:58', '2024-06-30 12:03:58'),
(75, 'Emmet Hoppe', 126, 126, '+1-321-455-5279', '2024-06-30 12:03:58', '2024-06-30 12:03:58'),
(76, 'Prof. Katlynn Breitenberg', 127, 127, '442-643-6963', '2024-06-30 12:03:58', '2024-06-30 12:03:58'),
(77, 'Sincere Kunze', 128, 128, '325-578-5536', '2024-06-30 12:03:58', '2024-06-30 12:03:58'),
(78, 'Ulises Brekke', 129, 129, '619.533.3574', '2024-06-30 12:03:58', '2024-06-30 12:03:58'),
(79, 'Rubye Carroll', 130, 130, '+1-352-659-8848', '2024-06-30 12:03:58', '2024-06-30 12:03:58'),
(80, 'Dr. Yvonne Beatty', 131, 131, '(731) 415-4887', '2024-06-30 12:03:58', '2024-06-30 12:03:58'),
(81, 'Lemuel Will III', 132, 132, '+1.279.314.1578', '2024-06-30 12:03:58', '2024-06-30 12:03:58'),
(82, 'Mr. Kenny Schiller V', 133, 133, '747-552-9999', '2024-06-30 12:03:58', '2024-06-30 12:03:58'),
(83, 'Jacey Moore MD', 134, 134, '1-949-971-8938', '2024-06-30 12:03:58', '2024-06-30 12:03:58'),
(84, 'Okey Wiza', 135, 135, '+1-281-625-1365', '2024-06-30 12:03:58', '2024-06-30 12:03:58'),
(85, 'Guido Cassin', 136, 136, '+15673533209', '2024-06-30 12:03:58', '2024-06-30 12:03:58'),
(86, 'Esteban Schaden', 137, 137, '+18626196098', '2024-06-30 12:03:58', '2024-06-30 12:03:58'),
(87, 'Pierre White', 138, 138, '603.605.7203', '2024-06-30 12:03:58', '2024-06-30 12:03:58'),
(88, 'Miss Catherine Johnson PhD', 139, 139, '681.923.3237', '2024-06-30 12:03:58', '2024-06-30 12:03:58'),
(89, 'Seamus Padberg IV', 140, 140, '+1-551-833-0976', '2024-06-30 12:03:58', '2024-06-30 12:03:58'),
(90, 'Dr. Dallas White IV', 141, 141, '+17208813287', '2024-06-30 12:03:58', '2024-06-30 12:03:58'),
(91, 'Camilla Torphy', 142, 142, '+12398331777', '2024-06-30 12:03:58', '2024-06-30 12:03:58'),
(92, 'Mr. Mohammad Weber', 143, 143, '567.993.7004', '2024-06-30 12:03:58', '2024-06-30 12:03:58'),
(93, 'Kevon Mayer', 144, 144, '1-678-617-0895', '2024-06-30 12:03:58', '2024-06-30 12:03:58'),
(94, 'Emmy Goldner', 145, 145, '(330) 358-2311', '2024-06-30 12:03:58', '2024-06-30 12:03:58'),
(95, 'Jason Brakus PhD', 146, 146, '240-546-4253', '2024-06-30 12:03:58', '2024-06-30 12:03:58'),
(96, 'Adah Hodkiewicz', 147, 147, '+1-231-550-7747', '2024-06-30 12:03:58', '2024-06-30 12:03:58'),
(97, 'Hillard Metz', 148, 148, '520.304.7824', '2024-06-30 12:03:58', '2024-06-30 12:03:58'),
(98, 'Karolann Bogisich', 149, 149, '(716) 646-8834', '2024-06-30 12:03:58', '2024-06-30 12:03:58'),
(99, 'Sammy Stamm MD', 150, 150, '1-878-647-6040', '2024-06-30 12:03:58', '2024-06-30 12:03:58'),
(100, 'Mrs. Judy Gulgowski V', 151, 151, '+18133526278', '2024-06-30 12:03:58', '2024-06-30 12:03:58'),
(101, 'Mr. Elwin Kuvalis V', 152, 152, '(941) 609-4326', '2024-06-30 12:03:58', '2024-06-30 12:03:58'),
(102, 'Kaci Sawayn', 153, 153, '(440) 463-7124', '2024-06-30 12:03:58', '2024-06-30 12:03:58');

--
-- Indexes for dumped tables
--

--
-- Indexes for table `departments`
--
ALTER TABLE `departments`
  ADD PRIMARY KEY (`id`);

--
-- Indexes for table `designations`
--
ALTER TABLE `designations`
  ADD PRIMARY KEY (`id`);

--
-- Indexes for table `migrations`
--
ALTER TABLE `migrations`
  ADD PRIMARY KEY (`id`);

--
-- Indexes for table `personal_access_tokens`
--
ALTER TABLE `personal_access_tokens`
  ADD PRIMARY KEY (`id`),
  ADD UNIQUE KEY `personal_access_tokens_token_unique` (`token`),
  ADD KEY `personal_access_tokens_tokenable_type_tokenable_id_index` (`tokenable_type`,`tokenable_id`);

--
-- Indexes for table `users`
--
ALTER TABLE `users`
  ADD PRIMARY KEY (`id`);

--
-- AUTO_INCREMENT for dumped tables
--

--
-- AUTO_INCREMENT for table `departments`
--
ALTER TABLE `departments`
  MODIFY `id` bigint(20) UNSIGNED NOT NULL AUTO_INCREMENT, AUTO_INCREMENT=204;

--
-- AUTO_INCREMENT for table `designations`
--
ALTER TABLE `designations`
  MODIFY `id` bigint(20) UNSIGNED NOT NULL AUTO_INCREMENT, AUTO_INCREMENT=204;

--
-- AUTO_INCREMENT for table `migrations`
--
ALTER TABLE `migrations`
  MODIFY `id` int(10) UNSIGNED NOT NULL AUTO_INCREMENT, AUTO_INCREMENT=5;

--
-- AUTO_INCREMENT for table `personal_access_tokens`
--
ALTER TABLE `personal_access_tokens`
  MODIFY `id` bigint(20) UNSIGNED NOT NULL AUTO_INCREMENT;

--
-- AUTO_INCREMENT for table `users`
--
ALTER TABLE `users`
  MODIFY `id` bigint(20) UNSIGNED NOT NULL AUTO_INCREMENT, AUTO_INCREMENT=103;
COMMIT;

/*!40101 SET CHARACTER_SET_CLIENT=@OLD_CHARACTER_SET_CLIENT */;
/*!40101 SET CHARACTER_SET_RESULTS=@OLD_CHARACTER_SET_RESULTS */;
/*!40101 SET COLLATION_CONNECTION=@OLD_COLLATION_CONNECTION */;
